<tests><test><nombre>test1_done.xml</nombre><calificacion>10.0</calificacion><preguntas><pregunta numero="1">3.0<respuestas><respuesta numero="1">3.0</respuesta></respuestas></pregunta><pregunta numero="2">3.0<respuestas><respuesta numero="1">1.5</respuesta><respuesta numero="2">1.5</respuesta></respuestas></pregunta><pregunta numero="3">4.0<respuestas><respuesta numero="1">4.0</respuesta></respuestas></pregunta></preguntas></test><test><nombre>test2_done.xml</nombre><calificacion>7.0</calificacion><preguntas><pregunta numero="1">0.0<respuestas><respuesta numero="2">0.0</respuesta></respuestas></pregunta><pregunta numero="2">3.0<respuestas><respuesta numero="1">1.5</respuesta><respuesta numero="2">1.5</respuesta><respuesta numero="3">0.0</respuesta></respuestas></pregunta><pregunta numero="3">4.0<respuestas><respuesta numero="1">4.0</respuesta></respuestas></pregunta></preguntas></test><test><nombre>test3_done.xml</nombre><calificacion>0</calificacion><preguntas><pregunta numero="1">0.0<respuestas><respuesta numero="2">0.0</respuesta></respuestas></pregunta><pregunta numero="2">1.5<respuestas><respuesta numero="1">1.5</respuesta></respuestas></pregunta><pregunta numero="3">-6.0<respuestas><respuesta numero="2">-6.0</respuesta></respuestas></pregunta></preguntas></test><test><nombre>test4_done.xml</nombre><calificacion>0</calificacion><preguntas><pregunta numero="1">0.0<respuestas><respuesta numero="2">0.0</respuesta></respuestas></pregunta><pregunta numero="2">3.0<respuestas><respuesta numero="1">1.5</respuesta><respuesta numero="2">1.5</respuesta></respuestas></pregunta><pregunta numero="3">-6.0<respuestas><respuesta numero="2">-6.0</respuesta></respuestas></pregunta></preguntas></test><test><nombre>test5_done.xml</nombre><calificacion>7.0</calificacion><preguntas><pregunta numero="1">3.0<respuestas><respuesta numero="1">3.0</respuesta></respuestas></pregunta><pregunta numero="2">0<respuestas /></pregunta><pregunta numero="3">4.0<respuestas><respuesta numero="1">4.0</respuesta></respuestas></pregunta></preguntas></test><test><nombre>test6_done.xml</nombre><calificacion>5.5</calificacion><preguntas><pregunta numero="1">0.0<respuestas><respuesta numero="2">0.0</respuesta></respuestas></pregunta><pregunta numero="2">1.5<respuestas><respuesta numero="1">1.5</respuesta></respuestas></pregunta><pregunta numero="3">4.0<respuestas><respuesta numero="1">4.0</respuesta></respuestas></pregunta></preguntas></test><test><nombre>test7_done.xml</nombre><calificacion>0</calificacion><preguntas><pregunta numero="1">0.0<respuestas><respuesta numero="2">0.0</respuesta></respuestas></pregunta><pregunta numero="2">3.0<respuestas><respuesta numero="1">1.5</respuesta><respuesta numero="2">1.5</respuesta></respuestas></pregunta><pregunta numero="3">-6.0<respuestas><respuesta numero="2">-6.0</respuesta></respuestas></pregunta></preguntas></test></tests>